id;name;email;password;native_language;target_language
1;exhilarate lest;Lionel9@gmail.com;gosh cancel up;perfume;notwithstanding thankfully
2;scary;Mohammed49@hotmail.com;gadzooks;outside decline ew;patty patience
3;phooey bleakly following;Gladyce_Schultz@hotmail.com;wholly taxicab roasted;a disdain geez;continually hence
4;stormy midst recent;Adolph.Schneider@hotmail.com;pish fooey;imagination runny consequently;creamy nor
5;legging;Estella14@yahoo.com;where;modulo;famously aw
6;font obnoxiously;Lonnie.Rippin@hotmail.com;decentralise ouch whether;pro long-term fan;psst expectancy
7;once;Collin70@gmail.com;blunder round;underestimate;hence whole finally
8;even unlike psst;Libbie17@gmail.com;fumbling whoever;categorise utterly zowie;off-ramp counsel than
9;bed carefree oh;Mayra.Gorczany59@gmail.com;entrepreneur which honestly;unless unbearably barring;concerning
10;reinforce scared;Alberto55@hotmail.com;indeed;moisturise given zowie;boastfully ew
